season,label,strategy,missing_flagged,missing_others,difference,p_value
2023,optimistic (tuning season),model_raw,0.2871287128712871,0.20774647887323944,0.07938223399804767,3.878243455036578e-05
2023,optimistic (tuning season),model_debiased,0.2712871287128713,0.20950704225352113,0.06178008645935018,0.0013636111379178128
2023,optimistic (tuning season),linear_raw,0.24554455445544554,0.21236795774647887,0.033176596708966666,0.0854976858886722
2023,optimistic (tuning season),young_regulars,0.10495049504950495,0.22799295774647887,-0.12304246269697393,1.7982010131118155e-10
2023,optimistic (tuning season),mean_reversion,0.4,0.1952024647887324,0.20479753521126762,2.530827159159044e-26
2024,headline (out-of-sample),model_raw,0.26004228329809725,0.17160319699106724,0.08843908630703001,2.0877861657253154e-06
2024,headline (out-of-sample),model_debiased,0.24735729386892177,0.17301363422661026,0.07434365964231152,6.648692113590263e-05
2024,headline (out-of-sample),linear_raw,0.24947145877378435,0.17277856135401976,0.0766928974197646,3.879260380092461e-05
2024,headline (out-of-sample),young_regulars,0.1014799154334038,0.18923366243535497,-0.08775374700195117,2.5019892788067525e-06
2024,headline (out-of-sample),mean_reversion,0.3023255813953488,0.16690173953925716,0.13542384185609166,3.71779924834626e-13
