season,label,floor_eur,n_universe,strategy,k,n_flagged,n_with_outcome,missing_rate,hit_raw,hit_raw_ci_low,hit_raw_ci_high,hit_rel,mean_log_change,median_log_change,mean_rel_change,median_rel_change,lift_raw,lift_rel,matched_expected_hit_raw,matched_lift_raw,matched_expected_hit_rel,matched_lift_rel,matched_excess_log_change,matched_excess_rel_change,hit_raw_missing_as_fail,lift_raw_missing_as_fail,matched_lift_raw_missing_as_fail,ic
2023,floor validation (pre-specified check of the floor),0,5049,all,all,5049,3960,0.21568627450980393,0.29797979797979796,0.2839356796318633,0.31241549645953237,0.2737373737373737,-0.09863481675677949,-0.15415067982725836,-0.22103064543766965,-0.27654650850814855,1.0,1.0,0.2979797979798,0.9999999999999931,0.2737373737373754,0.9999999999999939,8.971499188890155e-18,5.382899513334092e-18,0.23370964547435136,1.0,1.0,
2023,floor validation (pre-specified check of the floor),0,5049,model_raw,top_decile,505,360,0.28712871287128716,0.36944444444444446,0.32120895439412345,0.42043686070783304,0.3388888888888889,0.014979899339325975,0.0,-0.10741592934156417,-0.12239582868089016,1.2398305084745764,1.238007380073801,0.2944361890799791,1.254752160727398,0.2762353742903866,1.2268120611252313,0.10212592281964533,0.10212592281964533,0.2633663366336634,1.1268954522570902,1.263181640345781,0.05725206446602418
2023,floor validation (pre-specified check of the floor),0,5049,model_raw,top_100,100,72,0.28,0.4027777777777778,0.2972093520095331,0.5181953862871275,0.375,0.08601253551994652,0.0,-0.036383293160943644,-0.12239582868089016,1.3516949152542375,1.3699261992619927,0.30265758134338355,1.3308035304782329,0.28488173547014417,1.3163357046429545,0.1570856994172064,0.1570856994172064,0.29,1.2408559322033896,1.3776298591940848,0.05725206446602418
2023,floor validation (pre-specified check of the floor),0,5049,model_debiased,top_decile,505,368,0.2712871287128713,0.38858695652173914,0.3401809147745745,0.4392950771531711,0.358695652173913,0.043374857703916504,0.0,-0.07902097097697366,-0.12239582868089016,1.3040714812085483,1.3103641905984278,0.31366172785228197,1.2388727154648047,0.2938823762471282,1.2205415539184383,0.10670887228375561,0.10670887228375561,0.28316831683168314,1.2116244336298034,1.2442205266774897,0.11047161464393208
2023,floor validation (pre-specified check of the floor),0,5049,model_debiased,top_100,100,72,0.28,0.4861111111111111,0.3743248074300839,0.5993044408980104,0.4583333333333333,0.1376067047219756,0.0,0.015210876041085406,-0.12239582868089016,1.63135593220339,1.6743542435424354,0.3343607402751451,1.4538522396830762,0.3161842685750517,1.4495766516117488,0.16568104594429053,0.16568104594429053,0.35,1.4975847457627118,1.4932472364679508,0.11047161464393208
2023,floor validation (pre-specified check of the floor),500000,4199,all,all,4199,3509,0.1643248392474399,0.3017953833000855,0.2868304966568887,0.31719377816381483,0.27529210601310916,-0.09994490900121132,-0.15415067982725836,-0.2223407376821015,-0.27654650850814855,1.0,1.0,0.30179538330008665,0.9999999999999961,0.2752921060131117,0.9999999999999907,8.09966070971901e-18,0.0,0.25220290545367946,1.0,1.0,
2023,floor validation (pre-specified check of the floor),500000,4199,model_raw,top_decile,420,337,0.19761904761904758,0.36795252225519287,0.31822148412326345,0.42066015473772067,0.3323442136498516,-0.021009623792841662,-0.10536051565782628,-0.14340545247373182,-0.22775634433871644,1.219211898577405,1.207242076291231,0.30271862685335715,1.2154934966503939,0.2808523454186899,1.183341421466139,0.06559476936963692,0.06559476936963689,0.29523809523809524,1.1706371689374522,1.222953756334541,0.05148243911690174
2023,floor validation (pre-specified check of the floor),500000,4199,model_raw,top_100,100,85,0.15000000000000002,0.49411764705882355,0.39040653316034707,0.5983374786539382,0.43529411764705883,0.13483835039200354,0.0,0.012442521711113387,-0.12239582868089016,1.6372604565905684,1.5812081354280842,0.31346139675760326,1.5763269486128146,0.2903843243175651,1.4990276030569059,0.2074196866053173,0.2074196866053173,0.42,1.665325779036827,1.6900000386254224,0.05148243911690174
2023,floor validation (pre-specified check of the floor),500000,4199,model_debiased,top_decile,420,343,0.18333333333333335,0.39067055393586003,0.3405193974295328,0.44324356526006364,0.3556851311953353,0.009936958812227895,-0.10536051565782628,-0.11245886986866226,-0.22775634433871644,1.2944881716344976,1.292028080087403,0.31991619651181596,1.221165287020505,0.2968988248874489,1.1980011417363192,0.07374915319416797,0.07374915319416797,0.319047619047619,1.2650433922388595,1.242871482922711,0.09755954645867355
2023,floor validation (pre-specified check of the floor),500000,4199,model_debiased,top_100,100,84,0.16000000000000003,0.5,0.39543750035009767,0.6045624996499024,0.4523809523809524,0.17218710185426442,0.04002135383676818,0.04979127317337425,-0.08237447484412198,1.6567516525023607,1.6432761510401261,0.3400683771320281,1.4702925459190228,0.3170811774043569,1.4267038998787835,0.20214072560430948,0.20214072560430948,0.42,1.665325779036827,1.5818580437926466,0.09755954645867355
2024,exploratory/confirmatory (floor chosen after seeing 2024/25),0,4727,all,all,4727,3874,0.18045271842606303,0.30433660299432114,0.2900468349791314,0.3190140405347113,0.30304594734124934,-0.08406290446226232,-0.15415067982725836,-0.13717116231227383,-0.20725893767726986,1.0,1.0,0.30433660299432547,0.9999999999999858,0.30304594734125395,0.9999999999999848,-2.751197995973542e-18,-3.66826399463139e-18,0.24941823566744234,1.0,1.0,
2024,exploratory/confirmatory (floor chosen after seeing 2024/25),0,4727,model_raw,top_decile,473,350,0.2600422832980972,0.32285714285714284,0.27602356420927254,0.37353714318070075,0.3171428571428571,0.032198529991290886,-0.11778303565638351,-0.020909727858720584,-0.170891293506395,1.0608554465043014,1.0465174008274518,0.26761491764990974,1.2064243118147107,0.2661744692358293,1.1914848860349188,0.14927257127481378,0.14927257127481378,0.23890063424947147,0.9578314657313416,1.1841596631254219,0.028908643754328327
2024,exploratory/confirmatory (floor chosen after seeing 2024/25),0,4727,model_raw,top_100,100,70,0.30000000000000004,0.2571428571428571,0.1692914195140977,0.37026351970715426,0.24285714285714285,0.03837086540865093,-0.09338795357166747,-0.014737392441360596,-0.14649621142167896,0.8449291166848417,0.8013871988318326,0.22298990487984469,1.1531591857551369,0.22188663373540038,1.0945100151762623,0.2066696355544069,0.2066696355544069,0.18,0.7216793893129771,1.0681130280631164,0.028908643754328327
2024,exploratory/confirmatory (floor chosen after seeing 2024/25),0,4727,model_debiased,top_decile,473,356,0.2473572938689218,0.3651685393258427,0.3168390784059898,0.41637686994461787,0.3595505617977528,0.10287319188293714,0.0,0.049764934032925666,-0.0531082578500115,1.1998837331198597,1.1864556017074057,0.31582124980144616,1.156250694199395,0.3143372424322865,1.1438369790853085,0.15368678236146768,0.15368678236146768,0.2748414376321353,1.1019300048236673,1.1408516045682633,0.09430064123845462
2024,exploratory/confirmatory (floor chosen after seeing 2024/25),0,4727,model_debiased,top_100,100,73,0.27,0.4383561643835616,0.3304516589160894,0.5524242832818866,0.4383561643835616,0.2676106016195153,0.0,0.21450234376950375,-0.0531082578500115,1.4403662263120591,1.4465006650953303,0.3254227523568452,1.3470360053462958,0.3240418523983119,1.352776381011224,0.2978217207896836,0.29782172078968355,0.32,1.2829855810008484,1.3538019799947179,0.09430064123845462
2024,exploratory/confirmatory (floor chosen after seeing 2024/25),500000,4044,all,all,4044,3509,0.13229475766567755,0.30948988315759474,0.2944093534489574,0.3249870918675635,0.30806497577657455,-0.08086653798255519,-0.15415067982725836,-0.13397479583256666,-0.20725893767726986,1.0,1.0,0.30948988315759485,0.9999999999999997,0.30806497577657593,0.9999999999999954,-6.074745532289258e-18,-2.0249151774297527e-18,0.2685459940652819,1.0,1.0,
2024,exploratory/confirmatory (floor chosen after seeing 2024/25),500000,4044,model_raw,top_decile,405,339,0.16296296296296298,0.3480825958702065,0.2993310337436589,0.40023868008336805,0.3421828908554572,0.07281383036528188,-0.10536051565782628,0.01970557251527043,-0.15846877350783778,1.124697816674544,1.1107490878925064,0.2863385806143192,1.215632888601389,0.28477234293024145,1.2016015577021086,0.16840413578249114,0.16840413578249117,0.291358024691358,1.084946456585499,1.2321005069589586,0.044914857105953755
2024,exploratory/confirmatory (floor chosen after seeing 2024/25),500000,4044,model_raw,top_100,100,85,0.15000000000000002,0.4117647058823529,0.3131683862386879,0.51799179097559,0.4,0.232067652003631,0.0,0.17895939415361947,-0.0531082578500115,1.330462571769039,1.298427382053654,0.29571654794176055,1.3924303822302406,0.2940624317491709,1.3602553635317538,0.30872584184227314,0.30872584184227314,0.35,1.3033149171270717,1.474591380629863,0.044914857105953755
2024,exploratory/confirmatory (floor chosen after seeing 2024/25),500000,4044,model_debiased,top_decile,405,339,0.16296296296296298,0.40707964601769914,0.3561051631198787,0.4601365065024776,0.40117994100294985,0.14597372588030202,0.0,0.09286546803029055,-0.0531082578500115,1.3153245652634498,1.3022575513222487,0.33851648540723184,1.2025400935141652,0.3368651712590056,1.1909213989192564,0.1722154517415894,0.1722154517415894,0.34074074074074073,1.2688356865152446,1.2248231507771459,0.10693437403785984
2024,exploratory/confirmatory (floor chosen after seeing 2024/25),500000,4044,model_debiased,top_100,100,83,0.17000000000000004,0.5301204819277109,0.42380777365590233,0.6337683189080303,0.5060240963855421,0.41721170052376,0.10536051565782635,0.36410344267374856,0.05225225780781485,1.712884687922963,1.6425888568148632,0.3737713497162256,1.418301542721743,0.3718900976942872,1.360681823804623,0.38307322019766793,0.38307322019766793,0.44,1.6384530386740332,1.4523833971098934,0.10693437403785984
