season,label,strategy,k,n_flagged,n_with_outcome,missing_rate,hit_raw,hit_raw_ci_low,hit_raw_ci_high,hit_rel,mean_log_change,median_log_change,mean_rel_change,median_rel_change,lift_raw,lift_rel,matched_expected_hit_raw,matched_lift_raw,matched_expected_hit_rel,matched_lift_rel,matched_excess_log_change,matched_excess_rel_change,hit_raw_missing_as_fail,lift_raw_missing_as_fail,matched_lift_raw_missing_as_fail
2023,optimistic (tuning season),all,all,5049,3960,0.21568627450980393,0.29797979797979796,0.2839356796318633,0.31241549645953237,0.2737373737373737,-0.09863481675677949,-0.15415067982725836,-0.22103064543766965,-0.27654650850814855,1.0,1.0,0.2979797979798,0.9999999999999931,0.2737373737373754,0.9999999999999939,8.971499188890155e-18,5.382899513334092e-18,0.23370964547435136,1.0,1.0
2023,optimistic (tuning season),model_raw,top_decile,505,360,0.28712871287128716,0.36944444444444446,0.32120895439412345,0.42043686070783304,0.3388888888888889,0.014979899339325975,0.0,-0.10741592934156417,-0.12239582868089016,1.2398305084745764,1.238007380073801,0.2944361890799791,1.254752160727398,0.2762353742903866,1.2268120611252313,0.10212592281964533,0.10212592281964533,0.2633663366336634,1.1268954522570902,1.263181640345781
2023,optimistic (tuning season),model_debiased,top_decile,505,368,0.2712871287128713,0.38858695652173914,0.3401809147745745,0.4392950771531711,0.358695652173913,0.043374857703916504,0.0,-0.07902097097697366,-0.12239582868089016,1.3040714812085483,1.3103641905984278,0.31366172785228197,1.2388727154648047,0.2938823762471282,1.2205415539184383,0.10670887228375561,0.10670887228375561,0.28316831683168314,1.2116244336298034,1.2442205266774897
2023,optimistic (tuning season),linear_raw,top_decile,505,381,0.24554455445544554,0.31496062992125984,0.2703621353485437,0.3632533573632629,0.2992125984251969,-0.007686144638795551,-0.10536051565782628,-0.1300819733196857,-0.22775634433871644,1.0569865207527025,1.0930644739518263,0.26053944754400493,1.2088788584233994,0.24499280273878635,1.2213117898986616,0.12730682538166999,0.12730682538166996,0.2376237623762376,1.0167477764725625,1.222531230113787
2023,optimistic (tuning season),young_regulars,top_decile,505,452,0.10495049504950493,0.4756637168141593,0.43002207616546195,0.5217155449731091,0.4336283185840708,0.14036621041228675,0.0,0.017970381731396597,-0.12239582868089016,1.596295185240738,1.5841034516539856,0.4852088156887385,0.9803278535633565,0.44852672983222097,0.9667836713907259,-0.008534895715025565,-0.008534895715025565,0.42574257425742573,1.8216730995133412,0.9971064350370981
2023,optimistic (tuning season),mean_reversion,top_decile,505,303,0.4,0.1485148514851485,0.11288292140744521,0.19294783948025707,0.1353135313531353,-0.34632751792603067,-0.40546510810816444,-0.46872334660692083,-0.5278609367890545,0.4984057727806679,0.49431880457418437,0.18427464434883634,0.8059429554725192,0.16904401419484238,0.8004633112721231,-0.09457124102110502,-0.09457124102110503,0.0891089108910891,0.3812804161772109,0.6859103533804262
2023,optimistic (tuning season),model_raw,top_100,100,72,0.28,0.4027777777777778,0.2972093520095331,0.5181953862871275,0.375,0.08601253551994652,0.0,-0.036383293160943644,-0.12239582868089016,1.3516949152542375,1.3699261992619927,0.30265758134338355,1.3308035304782329,0.28488173547014417,1.3163357046429545,0.1570856994172064,0.1570856994172064,0.29,1.2408559322033896,1.3776298591940848
2023,optimistic (tuning season),model_raw,top_50,50,34,0.31999999999999995,0.4411764705882353,0.28883240215296746,0.6054638221081631,0.4117647058823529,0.12929470207915142,0.0,0.006898873398261262,-0.12239582868089016,1.4805583250249252,1.5042326893857174,0.273600152406132,1.6124862018839559,0.25708914515544046,1.6016417403908398,0.23712451613406405,0.237124516134064,0.3,1.28364406779661,1.587474119589615
2023,optimistic (tuning season),model_debiased,top_100,100,72,0.28,0.4861111111111111,0.3743248074300839,0.5993044408980104,0.4583333333333333,0.1376067047219756,0.0,0.015210876041085406,-0.12239582868089016,1.63135593220339,1.6743542435424354,0.3343607402751451,1.4538522396830762,0.3161842685750517,1.4495766516117488,0.16568104594429053,0.16568104594429053,0.35,1.4975847457627118,1.4932472364679508
2023,optimistic (tuning season),model_debiased,top_50,50,34,0.31999999999999995,0.5588235294117647,0.3945361778918369,0.7111675978470325,0.5294117647058824,0.31004090962335923,0.2209163761395196,0.1876450809424691,0.09852054745862944,1.8753738783649054,1.9340134577816368,0.3370354129979469,1.6580558239889434,0.3201249718076495,1.65376590809662,0.32896956061117405,0.328969560611174,0.38,1.6259491525423728,1.540707014038982
2023,optimistic (tuning season),linear_raw,top_100,100,77,0.22999999999999998,0.2727272727272727,0.1858435554011884,0.3812110303566392,0.2727272727272727,-0.051344230522932355,-0.1823215567939546,-0.1737400592038225,-0.3047173854748447,0.9152542372881356,0.9963099630996309,0.18783694744345877,1.451936248108839,0.18067982884691253,1.509450581549702,0.17862980087541455,0.17862980087541452,0.21,0.898550847457627,1.5676893361670594
2023,optimistic (tuning season),linear_raw,top_50,50,40,0.19999999999999996,0.25,0.14186967895549518,0.40194259066970106,0.25,0.03143351482700957,-0.18864711557073405,-0.09096231385388061,-0.3110429442516242,0.8389830508474577,0.9132841328413285,0.15654417173396074,1.5969933420764009,0.15249755554981348,1.639370540063098,0.30828690892047506,0.30828690892047506,0.2,0.8557627118644068,1.7020170799720997
2024,headline (out-of-sample),all,all,4727,3874,0.18045271842606303,0.30433660299432114,0.2900468349791314,0.3190140405347113,0.30304594734124934,-0.08406290446226232,-0.15415067982725836,-0.13717116231227383,-0.20725893767726986,1.0,1.0,0.30433660299432547,0.9999999999999858,0.30304594734125395,0.9999999999999848,-2.751197995973542e-18,-3.66826399463139e-18,0.24941823566744234,1.0,1.0
2024,headline (out-of-sample),model_raw,top_decile,473,350,0.2600422832980972,0.32285714285714284,0.27602356420927254,0.37353714318070075,0.3171428571428571,0.032198529991290886,-0.11778303565638351,-0.020909727858720584,-0.170891293506395,1.0608554465043014,1.0465174008274518,0.26761491764990974,1.2064243118147107,0.2661744692358293,1.1914848860349188,0.14927257127481378,0.14927257127481378,0.23890063424947147,0.9578314657313416,1.1841596631254219
2024,headline (out-of-sample),model_debiased,top_decile,473,356,0.2473572938689218,0.3651685393258427,0.3168390784059898,0.41637686994461787,0.3595505617977528,0.10287319188293714,0.0,0.049764934032925666,-0.0531082578500115,1.1998837331198597,1.1864556017074057,0.31582124980144616,1.156250694199395,0.3143372424322865,1.1438369790853085,0.15368678236146768,0.15368678236146768,0.2748414376321353,1.1019300048236673,1.1408516045682633
2024,headline (out-of-sample),linear_raw,top_decile,473,355,0.2494714587737844,0.27605633802816903,0.23213698447351008,0.3247705758539437,0.27605633802816903,-0.03298877827466532,-0.1823215567939546,-0.08609703612467676,-0.2354298146439661,0.9070757027320838,0.9109388871559854,0.2392094673019294,1.154036005103977,0.23845773542935034,1.1576740739029552,0.11649483009926048,0.11649483009926048,0.20718816067653276,0.8306856959439952,1.1661991754722167
2024,headline (out-of-sample),young_regulars,top_decile,473,425,0.10147991543340384,0.5388235294117647,0.49129375393587227,0.5856577358449698,0.5341176470588235,0.20496715270371738,0.10536051565782635,0.15185889485370588,0.05225225780781485,1.7704854562690215,1.7624972442128468,0.48984494170973986,1.0999879421660892,0.48845500651970836,1.093483821292909,0.048167036194628865,0.048167036194628865,0.48414376321353064,1.9410920854201523,1.1137443252567163
2024,headline (out-of-sample),mean_reversion,top_decile,473,330,0.3023255813953488,0.11818181818181818,0.08766802727388363,0.15748296649082394,0.11818181818181818,-0.3637782460910486,-0.40546510810816444,-0.41688650394106014,-0.45857336595817594,0.3883260081733364,0.38997986681121266,0.16742784878826192,0.7058671483695471,0.16647859473092405,0.7098919736368092,-0.09761393254844748,-0.09761393254844748,0.0824524312896406,0.3305790014471002,0.6291843660978413
2024,headline (out-of-sample),model_raw,top_100,100,70,0.30000000000000004,0.2571428571428571,0.1692914195140977,0.37026351970715426,0.24285714285714285,0.03837086540865093,-0.09338795357166747,-0.014737392441360596,-0.14649621142167896,0.8449291166848417,0.8013871988318326,0.22298990487984469,1.1531591857551369,0.22188663373540038,1.0945100151762623,0.2066696355544069,0.2066696355544069,0.18,0.7216793893129771,1.0681130280631164
2024,headline (out-of-sample),model_raw,top_50,50,31,0.38,0.25806451612903225,0.1370154373686976,0.432464724277151,0.25806451612903225,-0.018195810912412992,-0.11778303565638351,-0.07130406876242451,-0.170891293506395,0.8479575364579057,0.8515689399351541,0.20381085800876395,1.2661961126621397,0.20250478798525604,1.2743625407406238,0.17978046156075442,0.17978046156075442,0.16,0.6414927905004242,1.0247765166741796
2024,headline (out-of-sample),model_debiased,top_100,100,73,0.27,0.4383561643835616,0.3304516589160894,0.5524242832818866,0.4383561643835616,0.2676106016195153,0.0,0.21450234376950375,-0.0531082578500115,1.4403662263120591,1.4465006650953303,0.3254227523568452,1.3470360053462958,0.3240418523983119,1.352776381011224,0.2978217207896836,0.29782172078968355,0.32,1.2829855810008484,1.3538019799947179
2024,headline (out-of-sample),model_debiased,top_50,50,28,0.43999999999999995,0.42857142857142855,0.2650829618073122,0.609295210143846,0.42857142857142855,0.3047479124422991,0.0,0.2516396545922877,-0.0531082578500115,1.4082151944747363,1.414212703820881,0.3273699286351243,1.3091349909817163,0.3262373533119671,1.3136798230508069,0.33565945496020794,0.33565945496020794,0.24,0.9622391857506362,1.0161073032757413
2024,headline (out-of-sample),linear_raw,top_100,100,67,0.32999999999999996,0.22388059701492538,0.1406360851472927,0.33707192822338217,0.22388059701492538,-0.05861832249934067,-0.2231435513142097,-0.11172658034935216,-0.2762518091642212,0.7356348030838176,0.7387678303541916,0.15529031522996092,1.4416906597387793,0.1546976063080864,1.4472143581139731,0.20778197606673135,0.20778197606673135,0.15,0.6013994910941476,1.1040679267309705
2024,headline (out-of-sample),linear_raw,top_50,50,33,0.33999999999999997,0.2727272727272727,0.15067272656322814,0.44217883254386814,0.2727272727272727,-0.019864723200721555,0.0,-0.07297298105073305,-0.0531082578500115,0.8961369419384685,0.8999535387951061,0.19336987716669116,1.4103917152110144,0.19295844098419132,1.4133990269418515,0.19184643710880828,0.19184643710880828,0.18,0.7216793893129771,1.2004851345678385
