season,label,strategy,outcome,n,ic,ci_low,ci_high
2023,optimistic (tuning season),model_raw,outcome_log_change,3960,0.05725206446602418,0.026150528715313898,0.08824287112681821
2023,optimistic (tuning season),model_raw,outcome_rel_change,3960,0.05725206446602418,0.026150528715313898,0.08824287112681821
2023,optimistic (tuning season),model_debiased,outcome_log_change,3960,0.11047161464393208,0.07959733826840917,0.14113414357249152
2023,optimistic (tuning season),model_debiased,outcome_rel_change,3960,0.11047161464393208,0.07959733826840917,0.14113414357249152
2023,optimistic (tuning season),linear_raw,outcome_log_change,3960,0.050367979018739496,0.01925000987788441,0.08138846098490539
2023,optimistic (tuning season),linear_raw,outcome_rel_change,3960,0.050367979018739496,0.01925000987788441,0.08138846098490539
2023,optimistic (tuning season),mean_reversion,outcome_log_change,1297,-0.05232783774309807,-0.10645725820870983,0.002110821824183805
2023,optimistic (tuning season),mean_reversion,outcome_rel_change,1297,-0.05232783774309807,-0.10645725820870983,0.002110821824183805
2024,headline (out-of-sample),model_raw,outcome_log_change,3874,0.028908643754328327,-0.0025857545904069247,0.06034574974274689
2024,headline (out-of-sample),model_raw,outcome_rel_change,3874,0.028908643754328327,-0.0025857545904069247,0.06034574974274689
2024,headline (out-of-sample),model_debiased,outcome_log_change,3874,0.09430064123845462,0.06299567646322847,0.12542022259237262
2024,headline (out-of-sample),model_debiased,outcome_rel_change,3874,0.09430064123845462,0.06299567646322847,0.12542022259237262
2024,headline (out-of-sample),linear_raw,outcome_log_change,3874,0.03324407896001535,0.0017538708358053273,0.06466842033196121
2024,headline (out-of-sample),linear_raw,outcome_rel_change,3874,0.03324407896001535,0.0017538708358053273,0.06466842033196121
2024,headline (out-of-sample),mean_reversion,outcome_log_change,1467,-0.10037145921793285,-0.15077756481954296,-0.04944479932691413
2024,headline (out-of-sample),mean_reversion,outcome_rel_change,1467,-0.10037145921793285,-0.15077756481954296,-0.04944479932691413
