player_id,name,club_name,league,position,age,minutes,target_value,pred_value,undervalued_score,undervalued_score_debiased
1046648,Lukas Kirkegaard,Viborg FF,DK1,Centre-Back,20.49828884325804,734.0,25000,399564.02773856465,14.9825611095426,12.455737644153253
802221,Brooklyn Kabongolo,Livingston FC,SC1,Centre-Back,23.488021902806295,840.0,25000,316013.7924757412,11.640551699029642,12.324009524984364
405072,Simon Wæver,Sönderjyske Fodbold,DK1,Right-Back,30.10814510609172,1111.0,50000,546928.4224257425,9.938568448514854,8.906148851727808
452707,Jordan Smith,Hibernian FC,SC1,Goalkeeper,31.342915811088297,990.0,50000,697359.9522529077,12.947199045058165,7.7168515055437465
621365,Tom Sparrow,Motherwell FC,SC1,Central Midfield,23.34839151266256,1320.0,100000,719598.0350541602,6.195980350541594,6.5850574417235865
1144158,Benjamin Arthur,Celtic FC,SC1,Centre-Back,20.50650239561944,517.0,100000,691462.9984201972,5.914629984201967,5.678349291327816
681814,Allan Godói,Göztepe,TR1,Centre-Back,33.1170431211499,1854.0,100000,665191.2224876359,5.651912224876362,4.542303831413348
1047109,Georgios Katris,Panathinaikos Athlitikos Omilos,GR1,Centre-Back,20.435318275154003,1382.0,500000,2838073.015036447,4.6761460300729025,4.481482756239263
99397,Karl Darlow,Leeds United,GB1,Goalkeeper,35.624914442162904,2160.0,200000,1330893.032920198,5.654465164600985,4.418193896419237
559320,Dani van den Heuvel,Club Brugge KV,BE1,Goalkeeper,22.817248459958932,514.0,400000,2223318.2990876096,4.558295747719022,4.2177727211137945
186337,Stephen O'Donnell,Motherwell FC,SC1,Right-Back,33.9192334017796,1971.0,50000,480569.1891858696,8.611383783717383,4.043286104302643
103981,Jannich Storch,Randers FC,DK1,Goalkeeper,32.80219028062971,660.0,50000,277997.19751450175,4.559943950290037,4.035177376095736
55291,Scott Arfield,Falkirk FC,SC1,Central Midfield,37.44284736481862,793.0,25000,235171.3394119409,8.406853576477632,3.9359649968227983
524590,Júnior Brumado,FC Midtjylland,DK1,Centre-Forward,26.795345653661876,1789.0,900000,4805859.30665824,4.339843674064709,3.886675364241883
649453,Pierre Landry Kaboré,Heart of Midlothian FC,SC1,Centre-Forward,24.76933607118412,1064.0,300000,1361188.5208004147,3.53729506933472,3.7826205818311918
267473,Matej Hanousek,Gençlerbirliği Spor Kulübü,TR1,Left-Back,32.955509924709105,1355.0,100000,488584.3916288029,3.88584391628803,3.4812549245043694
703778,Timo Jansink,Heracles Almelo,NL1,Goalkeeper,22.91854893908282,1440.0,150000,727187.371882257,3.8479158125483788,3.1573809141945115
1031590,Sotiris Kontouris,Panathinaikos Athlitikos Omilos,GR1,Central Midfield,21.07049965776865,1249.0,800000,3321911.7170435498,3.1523896463044356,3.038953796460649
186239,Fabricio Pedrozo,APO Levadiakos Football Club,GR1,Left Winger,33.37166324435318,1535.0,150000,758780.471248793,4.058536474991959,2.8631680595160445
418660,Lenny Pintor,Eyüpspor,TR1,Left Winger,25.779603011635867,767.0,200000,801317.9051271329,3.0065895256356647,2.8379449972072153
710051,Bedirhan Özyurt,Eyüpspor,TR1,Centre-Back,23.145790554414784,908.0,200000,683585.8413439877,2.4179292067199367,2.7837099032378347
56490,Jeremy Bokila,Livingston FC,SC1,Centre-Forward,37.4072553045859,931.0,25000,176040.9233416114,6.0416369336644555,2.694888321831106
126665,Idrissa Gueye,Everton FC,GB1,Defensive Midfield,36.6570841889117,2762.0,500000,2268151.1617644164,3.5363023235288384,2.6935448535224444
345061,Murilo,Gil Vicente FC,PO1,Right Winger,31.540041067761805,2592.0,800000,3605374.4090270475,3.506718011283809,2.670113389686585
36709,Brian Graham,Falkirk FC,SC1,Centre-Forward,38.38466803559206,846.0,25000,171692.4344666059,5.867697378664236,2.603618743957491
357628,Alfon González,Villarreal CF,ES1,Left Winger,27.055441478439427,793.0,3000000,12064536.05844601,3.021512019482001,2.5748967028074414
61841,Adam Smith,AFC Bournemouth,GB1,Right-Back,35.069130732375086,1200.0,300000,1304065.9335397435,3.3468864451324802,2.539318791648759
257376,Domingos Duarte,Getafe CF,ES1,Centre-Back,31.20602327173169,2998.0,800000,3769390.4686711538,3.711738085838939,2.5029229245351408
390156,Callum Hendry,Motherwell FC,SC1,Centre-Forward,28.34223134839151,709.0,150000,565572.6561672068,2.770484374448048,2.4952048666721205
1298557,Ashley Hay,Dundee FC,SC1,Centre-Forward,22.757015742642025,1237.0,100000,327438.0900546359,2.274380900546358,2.451422322860772
599224,Ángel Torres,Eyüpspor,TR1,Right Winger,26.11088295687885,591.0,250000,898319.3277050012,2.593277310820005,2.442029833702981
415194,Bakery Jatta,Hamburger SV,L1,Right Midfield,27.942505133470227,939.0,1000000,3116592.560737935,2.116592560737939,2.297988956751312
954104,Jayden Meghoma,Rangers FC,SC1,Left-Back,19.789185489390828,2798.0,2000000,6779934.252045535,2.389967126022769,2.2741281320075744
1159661,Eddy Doué,CF Estrela Amadora,PO1,Defensive Midfield,20.427104722792606,811.0,400000,1261631.4045117588,2.154078511279395,2.268452548602246
659317,Marc Giger,Union Saint-Gilloise,BE1,Centre-Forward,21.984941820670773,595.0,800000,2774472.84277387,2.468091053467338,2.2556221752947714
886047,Antonio Espigares,Gil Vicente FC,PO1,Centre-Back,21.691991786447637,972.0,500000,1830228.7932093954,2.660457586418796,2.232181932184215
1061122,Adrián Liso,Getafe CF,ES1,Left Winger,21.141683778234086,1801.0,3000000,9309800.96091407,2.1032669869713563,2.1933099591291074
394018,Lukas Fadinger,Motherwell FC,SC1,Defensive Midfield,25.53867214236824,2665.0,350000,1193717.7744718967,2.410622212776849,2.1616159019947507
84085,Timothée Kolodziejczak,Paris FC,FR1,Centre-Back,34.625598904859686,660.0,150000,527035.7243273268,2.513571495515512,2.1400575246847255
158816,Jordan Obita,Hibernian FC,SC1,Left Midfield,32.342231348391515,2369.0,150000,749190.3385383508,3.99460225692234,2.121573447270189
471938,Alfie Agyeman,Falkirk FC,SC1,Right Winger,26.075290896646134,537.0,100000,336448.1717263372,2.3644817172633728,2.118844080537999
565429,Vic Chambaere,Union Saint-Gilloise,BE1,Goalkeeper,23.195071868583163,855.0,700000,2322820.6288410514,2.318315184058642,2.1150221638609605
1075793,Dimitrios Chatsidis,Panthessalonikios Athlitikos Omilos Konstantinoupoliton,GR1,Right Winger,19.770020533880903,897.0,750000,2418791.7664466626,2.225055688595548,2.1144524914065306
822141,Martín Fernández,Gil Vicente FC,PO1,Attacking Midfield,22.89664613278576,685.0,450000,1584635.2315717016,2.5214116257148897,2.1094044292846243
1001854,Kanayo Megwa,Hibernian FC,SC1,Right-Back,22.102669404517453,704.0,200000,587609.591767007,1.9380479588350326,2.096904306113787
662446,Juan Castillo,Vitória Guimarães SC,PO1,Goalkeeper,23.33744010951403,1440.0,500000,1753386.2513364386,2.506772502672882,2.0964780921034603
314944,Ricardo Mangas,Sporting CP,PO1,Left-Back,28.15879534565366,1232.0,2000000,7253358.703949683,2.6266793519748415,2.0962368660649675
620015,Tenton Yenne,FK Baltika,RU1,Attacking Midfield,25.859000684462696,1318.0,600000,1851450.9965320877,2.0857516608868134,2.085403622800176
94928,Ruslan Babenko,FK Polissya Zhytomyr,UKR1,Defensive Midfield,33.87542778918549,2721.0,250000,999365.2139236865,2.9974608556947504,2.077520013967034
144128,Matías Dituro,Elche CF,ES1,Goalkeeper,39.044490075290895,2370.0,100000,385768.9996866843,2.8576899968668417,2.0671597051858277
