feature,perm_rmse_increase,perm_std,gain_share
age,0.5090070945335036,0.011101271311056243,0.11144363730014115
league_index_rel,0.40300723872885147,0.004360203587562634,0.1467809732244503
club_fees_in_rel,0.23160525972035256,0.004219776184785841,0.38560600441956033
club_gd_per_game,0.08137667698718395,0.0008071467194336858,0.05534837582577137
l3_minutes,0.06929374354182258,0.0032706202787177257,0.0326287812345905
citizenship,0.03837388536065328,0.000712251565255526,0.01841511256048899
league,0.03705450990829621,0.0020717688728014495,0.026448994709177692
minutes,0.033966969323992166,0.0011920821797987168,0.03229645393611966
l3_goals,0.029788275723296464,0.0009570555016459106,0.02159949586925102
start_share,0.018962164320176278,0.001033325241107965,0.003961474223454847
club_ppg,0.01663271834009823,0.0003762556394258036,0.018034118345602257
position,0.013491198682712303,0.0007172658020493048,0.004693722417488662
l3_assists,0.01097979016167382,0.0011409740911399026,0.008546358667441006
league_minutes,0.007760739301619535,0.0007194840874332058,0.005104094736606499
club_position_pct,0.007548506609140882,0.0007682908009593288,0.012816395898878102
changed_league,0.007177791883596141,0.0005049714526261219,0.001734294989676901
apps,0.007167610734589602,0.0006161900006485047,0.040627121442140944
goals,0.006737708677663645,0.000630582291796627,0.007206616140078791
ga_per90,0.006661727992967115,0.00087333739452814,0.0050533182518880514
n_clubs_season,0.005937449058900901,0.0008292904281873854,0.0011144885152489608
prev_minutes,0.005648290371086384,0.0005847994864206985,0.0030734799755361567
starts,0.004372862238950015,0.0005057980628793157,0.010985729272905868
club_net_spend_rel,0.00437222770782375,0.00046154190910242766,0.002871578580747019
club_fees_out_rel,0.0031876308972168975,0.00029861996440736486,0.0041656735968193465
club_in_europe,0.003119409812152485,0.00039518379376703616,0.0008550201612140355
cup_minutes,0.002959337496220249,0.0005627972855594178,0.0013715985136546122
changed_club,0.0028671492192828274,0.0004154818570716603,0.0007851548448950337
league_minutes_share,0.00241151550505011,0.0003544696160228782,0.0025946402246658055
minutes_delta,0.002342415175610879,0.00029399946460499535,0.0015497387287620493
prev_ga_per90,0.0022268451155697754,0.0003156974885516609,0.0019073618972452586
club_n_transfers,0.0019114505075246702,0.0001605304432364234,0.0020362844613577525
goals_per90,0.0014545609438960105,0.0002768463376937296,0.0013148152612594323
euro_minutes,0.00136203375151982,0.00011703938755720596,0.0035628418767574754
height_cm,0.0013442768857365728,0.00022658445756683736,0.0015578304285049224
club_foreign_share,0.0013031336116291036,0.00020835860078055027,0.0026970464220024354
captain_games,0.0011857897681239794,0.0002867795659213667,0.0008021975470117802
prev_apps,0.0010342024872502687,0.00046646278892845144,0.005198968156176902
club_position,0.0008050496100648674,0.0002551792268673965,0.0021713729563094778
club_fee_disclosed_share,0.0005342925142843957,0.0003075671743956499,0.001693641612836895
assists,0.0004617179784009995,0.0001946682224446756,0.001447274038016979
club_avg_age,0.00043538766814518184,0.00027887175426365575,0.0025121274346581266
l3_seasons,0.0004189969196032317,0.00012166330674044404,0.00017869696839095745
is_domestic,0.0003412774637582605,5.2929403313963e-05,0.00018122767455550475
assists_per90,0.0003298111101257883,0.00016019960033722348,0.0007975668045312008
cards_per90,0.0002912737566395984,0.00017848775133925,0.0012752576471963789
club_players_used,0.00013842970007914567,8.754211256434369e-05,0.0012193154210559224
ga_per90_delta,0.00012088940699528372,9.605071701001941e-05,0.0009711804507052137
red_cards,3.984633380095248e-05,1.1364795222686359e-05,2.787955359243329e-05
foot,1.1000140302053207e-05,0.00012586400701365333,0.00017746994390352146
prev_observed,0.0,0.0,0.0
position_group,-9.30112489656354e-05,3.0340622093732546e-05,0.00021009501676039262
yellow_cards,-0.00017831320486206837,7.173557072272422e-05,0.0003471018199150636
