experiment,model,rmse,mae,r2,bias,mae_eur,medae_eur,median_pct_error,fit_seconds
moneyball-main,mean_baseline,1.5241689917304795,1.2668795928878318,-3.5912018979233906e-05,0.009133668283050216,6143944.051494048,1774289.3971605282,2.1795865754849566,0.008383989334106445
moneyball-main,linear,0.5704745289152046,0.4473543991976756,0.8599052472628748,0.017207695344747538,3186881.2324068514,658966.1203042632,0.4484450317342716,0.39715027809143066
moneyball-main,random_forest,0.5322834594189452,0.4149452032373555,0.8780349793016097,0.036961034176521884,2523568.3919399916,639289.8376124715,0.39863880955742637,12.191936016082764
moneyball-main,xgboost,0.4456190844891199,0.3438488529203942,0.9145175587703609,0.0017223403315083476,1925238.683170364,505841.7125995074,0.31885935393080933,4.533434152603149
moneyball-main,lightgbm,0.44417112315944524,0.34248387843982614,0.9150721767412513,-0.0054973911646405554,1932392.9576431073,503702.0667730756,0.3184170654639144,12.575572967529297
moneyball-ceiling,last_value_baseline,0.26946519719783174,0.16795406196409127,0.9687424657404631,-0.011421123179773287,780347.8750654961,100000.00000000017,0.142857142857143,0.005358219146728516
moneyball-ceiling,linear,0.21239983975026702,0.1536931632920758,0.9805796200796669,-0.007193418883064715,889035.7141210318,220068.72061718442,0.1254367398386237,0.4254570007324219
moneyball-ceiling,random_forest,0.21026278183447875,0.1459147730605412,0.9809684498302044,0.005924272087708937,755910.3805904972,190331.10440132348,0.10935873417924141,14.970813989639282
moneyball-ceiling,xgboost,0.20299048280067358,0.14453568694262528,0.982262161137393,-0.007363041062154034,758954.3954838098,190860.18285989773,0.11119467485188864,5.3868021965026855
moneyball-ceiling,lightgbm,0.1997917264266586,0.14221574039540974,0.9828167878671469,-0.003684323392935597,740857.9789042816,193173.54451561254,0.11140812459716136,15.15030026435852
