feature,mean_abs_shap,mean_shap,label,share
club_fees_in_rel,0.4337764951617367,0.04649356998231567,Club transfer spending,0.1598785476352574
league_index_rel,0.40146761901581574,0.038366584141494346,League price level,0.14797035009216264
age,0.38139910516671416,0.02752188433418488,Age,0.14057362647255736
club_gd_per_game,0.14925388506134846,0.01058400042432406,Club goal difference per game,0.05501103595673327
l3_minutes,0.1219504649730401,-0.01104667939273059,Minutes over last 3 seasons,0.04494771717878417
league,0.12125688579421048,-0.005373994802507144,League,0.04469208223079099
minutes,0.09764777862002139,-0.006708821654892378,Minutes played,0.03599038952020024
l3_goals,0.09028788551937733,-0.003391194543124644,Goals over last 3 seasons,0.03327772750921925
club_ppg,0.08331799382561178,0.0005616712501838291,Club points per game,0.030708809705688213
start_share,0.06452570843228563,-0.015081792036643693,Share of games started,0.023782470153075976
position,0.0522726589012577,0.0002690532870558804,Position,0.019266320050491025
apps,0.04711403320151116,-0.008075096984599968,Appearances,0.01736498700485914
is_domestic,0.043135682945842024,0.0030506976325522022,Plays in home country,0.015898672282980125
l3_assists,0.04173092880560322,-0.004013449079253245,Assists over last 3 seasons,0.015380917046744338
ga_per90,0.03953389868863741,0.00017874658721221017,Goals + assists per 90,0.014571149832224234
league_minutes,0.03838041579821031,-0.0017373194381680329,League minutes,0.014146006535386904
club_fees_out_rel,0.0377092791506788,0.018198076013327173,Club transfer income,0.013898643311079128
prev_minutes,0.03531165708600077,-0.0030516180429589635,Minutes last season,0.013014943208020194
goals,0.0335422387251412,-0.001495268052453208,Goals,0.0123627823813071
starts,0.02912795684098687,0.0034320461844092468,Starts,0.010735794786628698
club_position_pct,0.027725491699823804,-0.0006746476410078363,Club league position (relative),0.0102188832149341
n_clubs_season,0.024526803496993422,0.0035232410701160604,Clubs this season,0.009039931312489794
cup_minutes,0.023133432292264364,-0.002155324419033323,Domestic cup minutes,0.008526371525333025
euro_minutes,0.021643561514273258,0.00011665340803558099,European minutes,0.00797724454679396
league_minutes_share,0.02130665955477528,0.0010769138717501014,Share of club's league minutes,0.007853071391768754
changed_league,0.019431935814252916,0.0038837929178148216,Changed league,0.00716209778624802
club_in_europe,0.0193081450004477,-0.002057291980071768,Club in Europe,0.007116471765146104
club_net_spend_rel,0.018490546238507707,0.004832501051455462,Club net transfer spend,0.0068151264777334885
club_n_transfers,0.018089760313684925,-0.009665791391694671,Club transfer activity,0.006667407382097778
prev_ga_per90,0.015313239446802004,0.00042772177221310617,Goals + assists per 90 last season,0.0056440551981332835
club_avg_age,0.013434577134144657,-0.00033191198804469576,Club average age,0.0049516299390542735
captain_games,0.01306113408566127,-9.660342390953106e-06,Games as captain,0.004813988704727491
height_cm,0.012902603861670433,-0.0013405652135596929,Height,0.004755558655495578
changed_club,0.01195916238742589,-4.717575485111599e-05,Changed club,0.004407831071443696
club_foreign_share,0.011863614235409213,-0.00024714880398753094,Club share of foreign minutes,0.004372614548778115
l3_seasons,0.011049916758435668,-0.0010416067015824569,Seasons in data (last 3),0.004072707171859277
minutes_delta,0.010645703885431441,-0.00014826263457115316,Change in minutes vs last season,0.003923724993727899
prev_apps,0.00971433513712571,0.00015955691954372034,Appearances last season,0.00358044709727003
goals_per90,0.00900595963841632,-0.00035817896252387865,Goals per 90,0.0033193586169644514
club_fee_disclosed_share,0.008750495335098724,0.0026672507294334337,Club fees disclosed,0.003225201228902561
assists,0.008115892751814846,-0.0003521364800509916,Assists,0.0029913034947637415
club_position,0.007936919277247085,0.000669650504221656,Club league position,0.002925338603861895
club_players_used,0.00790430502682622,0.0025369204701878294,Club squad size used,0.002913317853434751
ga_per90_delta,0.006102436412885717,0.00023742234855099332,Change in goals + assists per 90,0.0022491967213781393
cards_per90,0.005481536264988342,0.0004179841950642801,Cards per 90,0.0020203493426483726
assists_per90,0.0038141375093587505,0.00015638959328112472,Assists per 90,0.0014057902451585515
is_eu_eea,0.0032947134844872354,0.0003575462692954993,EU/EEA citizen,0.001214344282480574
position_group,0.003065377755446964,-3.7643721221494526e-05,Position group,0.0011298171960920863
yellow_cards,0.0016377587381131067,-1.2026412579589377e-05,Yellow cards,0.000603634570676416
foot,0.0015020598858362898,6.200633732412874e-06,Preferred foot,0.0005536195614267803
red_cards,0.00020477903709459176,-9.829118831430353e-05,Red cards,7.547613898402349e-05
prev_observed,3.029153796525441e-06,1.417199160715778e-06,Played in top-14 leagues last season,1.1164660025475563e-06
